City_ID,City,Country,Date,Lat,Lng,Max Temp,Humidity,Cloudiness,Wind Speed
0,Husavik,IS,2022-07-20 20:25:13,66.0449,-17.3389,46.04,87,100,7.0
1,Ancud,CL,2022-07-20 20:25:40,-41.8697,-73.8203,41.23,64,87,14.81
2,Touros,BR,2022-07-20 20:27:55,-5.1989,-35.4608,77.16,78,98,13.73
3,Hit,IQ,2022-07-20 20:27:56,33.6416,42.8251,99.01,14,0,11.18
4,Hilo,US,2022-07-20 20:24:59,19.7297,-155.09,83.28,90,100,6.91
5,Khatanga,RU,2022-07-20 20:26:40,71.9667,102.5,45.64,65,100,21.32
6,Tuatapere,NZ,2022-07-20 20:27:56,-46.1333,167.6833,42.49,83,100,1.97
7,Georgetown,MY,2022-07-20 20:25:49,5.4112,100.3354,80.89,92,20,4.61
8,Punta Arenas,CL,2022-07-20 20:23:16,-53.15,-70.9167,35.62,80,75,24.16
9,Vaini,TO,2022-07-20 20:27:57,-21.2,-175.2,73.56,88,20,8.05
10,Souillac,MU,2022-07-20 20:27:57,-20.5167,57.5167,68.38,73,75,12.66
11,Broome,US,2022-07-20 20:27:57,42.2506,-75.833,94.6,51,3,5.01
12,Butaritari,KI,2022-07-20 20:24:23,3.0707,172.7902,81.28,79,45,9.66
13,Amapa,BR,2022-07-20 20:27:58,1.0,-52.0,78.48,94,62,4.12
14,Puerto Madero,MX,2022-07-20 20:27:58,14.7208,-92.4215,89.8,74,75,8.05
15,Villa Carlos Paz,AR,2022-07-20 20:27:58,-31.4241,-64.4978,74.39,49,21,15.99
16,Ushuaia,AR,2022-07-20 20:27:59,-54.8,-68.3,33.42,93,100,21.85
17,Port Alfred,ZA,2022-07-20 20:27:59,-33.5906,26.891,56.17,97,100,1.01
18,Bluff,NZ,2022-07-20 20:27:59,-46.6,168.3333,39.79,65,100,7.16
19,Kodiak,US,2022-07-20 20:28:00,57.79,-152.4072,54.91,76,0,5.75
20,Pangnirtung,CA,2022-07-20 20:28:00,66.1451,-65.7125,50.0,81,100,8.05
21,Puerto Ayora,EC,2022-07-20 20:25:41,-0.7393,-90.3518,80.56,98,88,7.0
22,Paamiut,GL,2022-07-20 20:28:00,61.994,-49.6678,49.55,85,79,17.54
23,Busselton,AU,2022-07-20 20:26:30,-33.65,115.3333,55.51,95,100,15.79
24,Rikitea,PF,2022-07-20 20:28:01,-23.1203,-134.9692,73.36,75,0,2.04
25,Mataura,NZ,2022-07-20 20:28:01,-46.1927,168.8643,39.47,92,100,1.95
26,Maraa,BR,2022-07-20 20:26:51,-1.8333,-65.3667,81.09,87,54,2.33
27,Pag,HR,2022-07-20 20:28:02,44.445,15.0575,75.78,53,0,6.89
28,Puerto Penasco,MX,2022-07-20 20:23:13,31.3167,-113.5333,87.91,71,100,14.0
29,Thompson,CA,2022-07-20 20:28:02,55.7435,-97.8558,75.36,50,75,19.57
30,Flin Flon,CA,2022-07-20 20:28:02,54.7682,-101.865,67.84,64,75,8.05
31,Margate,GB,2022-07-20 20:23:25,51.3813,1.3862,71.87,70,31,4.0
32,Cockburn Town,TC,2022-07-20 20:25:25,21.4612,-71.1419,82.29,76,0,19.75
33,Kottagudem,IN,2022-07-20 20:28:03,17.55,80.6333,79.14,86,100,1.86
34,Goderich,CA,2022-07-20 20:28:03,43.7501,-81.7165,82.72,61,100,17.27
35,Gat,IL,2022-07-20 20:28:02,31.61,34.7642,80.82,100,0,5.5
36,Bac Lieu,VN,2022-07-20 20:28:04,9.285,105.7244,79.45,84,100,10.51
37,Vestmannaeyjar,IS,2022-07-20 20:28:04,63.4427,-20.2734,55.42,76,64,14.16
38,Nikolskoye,RU,2022-07-20 20:28:04,59.7035,30.7861,69.87,62,100,10.38
39,Jamestown,US,2022-07-20 20:27:28,42.097,-79.2353,89.19,52,40,17.27
40,Porto Santo,PT,2022-07-20 20:28:05,33.072,-16.3415,71.98,73,75,8.05
41,Coahuayana,MX,2022-07-20 20:28:05,18.7333,-103.6833,95.9,47,77,6.4
42,Komsomolskiy,UZ,2022-07-20 20:28:05,40.4272,71.7189,81.32,34,0,6.91
43,Bredasdorp,ZA,2022-07-20 20:28:06,-34.5322,20.0403,46.6,86,1,5.19
44,Dzhebariki-Khaya,RU,2022-07-20 20:28:06,62.2167,135.8,69.22,74,1,1.9
45,Afzalpur,IN,2022-07-20 20:28:06,17.2,76.35,77.29,80,65,13.85
46,Carnarvon,AU,2022-07-20 20:26:29,-24.8667,113.6333,70.56,78,0,15.64
47,Kulhudhuffushi,MV,2022-07-20 20:28:07,6.6221,73.07,80.71,78,100,17.81
48,Albany,US,2022-07-20 20:28:54,42.6001,-73.9662,96.58,44,46,1.99
49,Tabou,CI,2022-07-20 20:29:07,4.423,-7.3528,75.33,72,99,7.45
50,Palmer,US,2022-07-20 20:29:07,42.1584,-72.3287,96.24,44,58,1.01
51,Sovetskiy,RU,2022-07-20 20:29:08,61.3614,63.5842,60.13,88,100,5.26
52,Anloga,GH,2022-07-20 20:29:08,5.7947,0.8973,75.38,75,30,11.39
53,Cape Town,ZA,2022-07-20 20:26:38,-33.9258,18.4232,53.11,65,0,3.44
54,Benguela,AO,2022-07-20 20:29:08,-12.5763,13.4055,67.01,90,20,0.49
55,Chuy,UY,2022-07-20 20:29:09,-33.6971,-53.4616,59.27,88,0,7.58
56,Iqaluit,CA,2022-07-20 20:29:09,63.7506,-68.5145,49.73,81,75,3.44
57,Mundo Novo,BR,2022-07-20 20:29:10,-11.8589,-40.4725,67.68,91,98,4.25
58,Srebrenica,BA,2022-07-20 20:29:10,44.1064,19.2969,68.07,51,0,2.91
59,Bar Harbor,US,2022-07-20 20:29:10,44.3876,-68.2039,88.34,45,20,10.36
60,Castro,BR,2022-07-20 20:24:17,-24.7911,-50.0119,67.8,73,3,3.87
61,Upernavik,GL,2022-07-20 20:29:11,72.7868,-56.1549,48.2,70,73,9.91
62,Puerto Colombia,CO,2022-07-20 20:29:11,10.9878,-74.9547,87.89,75,53,18.66
63,Cayenne,GF,2022-07-20 20:26:33,4.9333,-52.3333,86.04,1,40,11.5
64,New Norfolk,AU,2022-07-20 20:29:11,-42.7826,147.0587,34.92,89,5,2.33
65,Hobart,AU,2022-07-20 20:27:06,-42.8794,147.3294,35.06,94,0,8.05
66,Avera,US,2022-07-20 20:29:12,33.194,-82.5271,90.37,56,99,7.09
67,Rocha,UY,2022-07-20 20:29:12,-34.4833,-54.3333,59.63,80,1,9.62
68,Shaoguan,CN,2022-07-20 20:26:58,24.8,113.5833,76.39,93,96,2.24
69,Mogocha,RU,2022-07-20 20:29:12,53.7333,119.7667,57.02,99,30,0.98
70,Geraldton,AU,2022-07-20 20:29:13,-28.7667,114.6,66.61,94,75,20.71
71,Anjar,IN,2022-07-20 20:29:13,23.1333,70.0167,81.57,81,100,17.13
72,Saint-Philippe,RE,2022-07-20 20:29:14,-21.3585,55.7679,67.59,79,42,14.52
73,Cabo San Lucas,MX,2022-07-20 20:27:48,22.8909,-109.9124,97.61,49,20,11.5
74,Marawi,PH,2022-07-20 20:29:14,7.9986,124.2928,69.89,94,49,3.65
75,Boundiali,CI,2022-07-20 20:29:14,9.5217,-6.4869,70.0,97,99,5.57
76,Seabra,BR,2022-07-20 20:29:15,-12.4186,-41.7703,70.38,65,54,9.17
77,Puerto Del Rosario,ES,2022-07-20 20:29:15,28.5004,-13.8627,78.55,73,5,10.36
78,Taltal,CL,2022-07-20 20:29:15,-25.4,-70.4833,59.2,81,100,3.38
79,Camacha,PT,2022-07-20 20:29:16,33.0833,-16.3333,69.22,73,75,8.05
80,Auki,SB,2022-07-20 20:29:16,-8.7676,160.7034,75.9,88,100,4.05
81,Juneau,US,2022-07-20 20:29:16,58.3019,-134.4197,53.22,94,100,17.27
82,Canby,US,2022-07-20 20:29:16,45.2629,-122.6926,89.13,47,0,5.01
83,Fairbanks,US,2022-07-20 20:24:35,64.8378,-147.7164,64.09,64,75,9.22
84,Fort William,GB,2022-07-20 20:29:17,56.8165,-5.1121,58.3,85,97,3.69
85,Tambura,SS,2022-07-20 20:29:17,5.6,27.4667,67.77,90,46,1.99
86,Bethel,US,2022-07-20 20:29:18,41.3712,-73.414,97.63,50,20,8.05
87,Buala,SB,2022-07-20 20:29:18,-8.145,159.5921,79.86,80,100,6.58
88,Port-Gentil,GA,2022-07-20 20:29:18,-0.7193,8.7815,75.16,88,40,8.05
89,San Patricio,US,2022-07-20 20:29:19,28.017,-97.5169,97.52,44,1,20.62
90,Chicama,PE,2022-07-20 20:29:19,-7.8447,-79.1469,63.14,57,2,9.13
91,Pisco,PE,2022-07-20 20:29:19,-13.7,-76.2167,61.02,88,100,6.91
92,Rodez,FR,2022-07-20 20:29:19,44.5,2.5833,69.48,64,0,8.05
93,Elizabeth City,US,2022-07-20 20:29:20,36.2946,-76.2511,94.05,60,0,13.8
94,Godo,JP,2022-07-20 20:29:20,35.4167,136.6,77.99,96,76,3.27
95,Lavrentiya,RU,2022-07-20 20:30:21,65.5833,-171.0,39.74,96,100,16.64
96,Batticaloa,LK,2022-07-20 20:30:21,7.7102,81.6924,80.15,83,54,5.28
97,Coruripe,BR,2022-07-20 20:27:07,-10.1256,-36.1756,74.62,87,66,14.2
98,Mehamn,NO,2022-07-20 20:27:06,71.0357,27.8492,53.55,94,0,0.0
99,Avarua,CK,2022-07-20 20:30:21,-21.2078,-159.775,73.45,68,75,16.11
100,Road Town,VG,2022-07-20 20:27:39,18.4167,-64.6167,87.89,70,75,11.5
101,Tiarei,PF,2022-07-20 20:30:22,-17.5333,-149.3333,80.62,71,2,9.84
102,Preobrazheniye,RU,2022-07-20 20:30:22,42.9019,133.9064,64.02,92,99,4.94
103,Bengkulu,ID,2022-07-20 20:30:23,-3.8004,102.2655,75.81,90,63,2.95
104,Severo-Kurilsk,RU,2022-07-20 20:30:23,50.6789,156.125,52.11,97,98,11.79
105,Saint-Junien,FR,2022-07-20 20:30:23,45.8833,0.9,70.38,79,0,3.27
106,Pundaguitan,PH,2022-07-20 20:30:24,6.3711,126.1689,81.88,74,80,1.32
107,Cururupu,BR,2022-07-20 20:30:24,-1.8283,-44.8683,75.83,90,78,3.6
108,Pacific Grove,US,2022-07-20 20:29:09,36.6177,-121.9166,81.21,86,40,12.66
109,Airai,TL,2022-07-20 20:30:24,-8.9266,125.4092,56.71,94,88,3.53
110,Barcelona,ES,2022-07-20 20:30:25,41.3888,2.159,83.14,80,20,8.05
111,Dalvik,IS,2022-07-20 20:30:25,65.9702,-18.5286,48.13,91,100,3.62
112,Halifax,CA,2022-07-20 20:30:01,44.6453,-63.5724,83.48,44,20,16.11
113,Nome,US,2022-07-20 20:27:16,64.5011,-165.4064,46.47,87,100,16.11
114,East London,ZA,2022-07-20 20:28:32,-33.0153,27.9116,62.58,82,93,4.83
115,Oudtshoorn,ZA,2022-07-20 20:30:26,-33.5907,22.2014,47.97,94,24,1.66
116,Mahebourg,MU,2022-07-20 20:30:27,-20.4081,57.7,68.29,73,75,12.66
117,Torbay,CA,2022-07-20 20:25:41,47.6666,-52.7314,71.58,76,75,20.71
118,Atuona,PF,2022-07-20 20:30:27,-9.8,-139.0333,77.77,74,9,15.12
119,Koutsouras,GR,2022-07-20 20:30:27,35.0339,25.9469,76.1,57,0,13.38
120,Kavieng,PG,2022-07-20 20:30:28,-2.5744,150.7967,81.16,79,90,11.01
121,Klaksvik,FO,2022-07-20 20:30:28,62.2266,-6.589,49.12,91,98,19.15
122,Tadine,NC,2022-07-20 20:30:29,-21.55,167.8833,75.27,90,100,10.63
123,Kapaa,US,2022-07-20 20:30:29,22.0752,-159.319,82.72,74,20,14.97
124,Mineiros,BR,2022-07-20 20:30:29,-17.5694,-52.5511,76.21,26,4,7.05
125,Lasa,IT,2022-07-20 20:30:29,46.6166,10.7002,70.68,85,50,2.71
126,Provideniya,RU,2022-07-20 20:30:30,64.3833,-173.3,46.51,76,75,25.01
127,Barrow,US,2022-07-20 20:25:35,71.2906,-156.7887,51.82,66,100,10.36
128,Valdivia,CL,2022-07-20 20:25:42,-39.8142,-73.2459,48.29,97,100,4.52
129,Clyde River,CA,2022-07-20 20:30:31,70.4692,-68.5914,39.43,93,100,8.05
130,Norman Wells,CA,2022-07-20 20:30:31,65.282,-126.8329,73.44,38,20,4.61
131,Port Augusta,AU,2022-07-20 20:30:31,-32.5,137.7667,39.99,86,0,4.88
132,Vestmanna,FO,2022-07-20 20:30:31,62.1564,-7.1664,47.32,93,100,16.11
133,Mar Del Plata,AR,2022-07-20 20:29:06,-38.0023,-57.5575,63.95,53,0,16.11
134,Sinnamary,GF,2022-07-20 20:30:32,5.3833,-52.95,80.01,77,6,8.14
135,Ponta Do Sol,PT,2022-07-20 20:30:32,32.6667,-17.1,73.71,81,5,6.98
136,Hithadhoo,MV,2022-07-20 20:30:33,-0.6,73.0833,80.83,69,100,2.13
137,Berlevag,NO,2022-07-20 20:30:33,70.8578,29.0864,55.2,94,100,2.3
138,Lazaro Cardenas,MX,2022-07-20 20:31:33,17.9583,-102.2,86.9,70,6,10.54
139,Qaqortoq,GL,2022-07-20 20:27:55,60.7167,-46.0333,53.64,79,82,3.58
140,Litovko,RU,2022-07-20 20:31:34,49.2361,135.1742,62.69,92,93,2.37
141,Richards Bay,ZA,2022-07-20 20:31:34,-28.783,32.0377,63.16,89,12,6.51
142,Tasiilaq,GL,2022-07-20 20:31:34,65.6145,-37.6368,44.76,81,55,0.6
143,Praia,CV,2022-07-20 20:31:35,14.9215,-23.5087,79.34,83,40,6.91
144,Northam,GB,2022-07-20 20:31:35,51.0333,-4.2167,62.62,77,11,13.44
145,Hirado,JP,2022-07-20 20:31:35,33.3597,129.5531,82.38,90,100,14.99
146,Araouane,ML,2022-07-20 20:31:36,18.9048,-3.5265,91.99,38,88,6.53
147,Boajibu,SL,2022-07-20 20:31:36,8.1833,-11.3333,71.58,99,100,2.3
148,Port Blair,IN,2022-07-20 20:31:37,11.6667,92.75,78.84,94,100,1.14
149,Flinders,AU,2022-07-20 20:31:37,-34.5833,150.8552,51.19,93,100,4.0
150,Hamilton,US,2022-07-20 20:31:38,39.1834,-84.5333,94.87,62,75,12.66
151,Mount Isa,AU,2022-07-20 20:31:04,-20.7333,139.5,49.77,43,0,1.14
152,Santa Maria,BR,2022-07-20 20:31:38,-29.6842,-53.8069,63.7,82,0,6.91
153,Malko Tarnovo,BG,2022-07-20 20:31:38,41.9833,27.5333,61.14,58,0,1.95
154,Chokurdakh,RU,2022-07-20 20:31:39,70.6333,147.9167,43.5,71,89,9.19
155,Craig,US,2022-07-20 20:31:39,40.5153,-107.5464,85.95,23,75,10.36
156,Broken Hill,AU,2022-07-20 20:31:39,-31.95,141.4333,47.79,93,99,14.27
157,Faya,SA,2022-07-20 20:31:39,18.3851,42.4509,68.11,61,100,7.05
158,Nurota,UZ,2022-07-20 20:31:40,40.5614,65.6886,82.74,17,0,9.91
159,Eureka,US,2022-07-20 20:31:40,40.8021,-124.1637,70.2,75,68,5.99
160,Hofn,IS,2022-07-20 20:31:41,64.2539,-15.2082,52.61,74,100,6.02
161,El Fuerte,MX,2022-07-20 20:31:41,26.4189,-108.6194,97.61,41,7,10.56
162,Dikson,RU,2022-07-20 20:31:41,73.5069,80.5464,41.59,73,11,24.58
163,Salto,UY,2022-07-20 20:30:06,-31.3833,-57.9667,68.88,81,100,7.0
164,Arraial Do Cabo,BR,2022-07-20 20:31:42,-22.9661,-42.0278,73.26,78,20,8.05
165,Luderitz,NA,2022-07-20 20:31:42,-26.6481,15.1594,56.98,60,3,17.6
166,Tromso,NO,2022-07-20 20:31:42,69.6496,18.957,61.38,72,75,5.75
167,Sechura,PE,2022-07-20 20:31:43,-5.5569,-80.8222,74.95,56,27,15.64
168,Vardo,NO,2022-07-20 20:30:45,70.3705,31.1107,51.78,100,100,1.14
169,Mercedes,AR,2022-07-20 20:31:43,-34.6515,-59.4307,66.78,63,31,5.88
170,Paracuru,BR,2022-07-20 20:28:27,-3.41,-39.0306,79.11,66,64,14.56
171,Salalah,OM,2022-07-20 20:28:17,17.0151,54.0924,77.09,100,100,3.44
172,Pasighat,IN,2022-07-20 20:26:54,28.0667,95.3333,76.84,98,100,1.57
173,Liling,CN,2022-07-20 20:31:44,27.6667,113.5,78.85,87,100,3.51
174,Noboribetsu,JP,2022-07-20 20:31:44,42.4514,141.1731,67.06,98,99,2.46
175,Ostrovnoy,RU,2022-07-20 20:31:44,68.0531,39.5131,47.05,96,23,4.5
176,Talnakh,RU,2022-07-20 20:31:45,69.4865,88.3972,52.21,71,100,5.84
177,Hermanus,ZA,2022-07-20 20:31:45,-34.4187,19.2345,43.81,67,1,3.36
178,Udachnyy,RU,2022-07-20 20:31:45,66.4167,112.4,53.82,64,100,7.67
179,Dzerzhinsk,RU,2022-07-20 20:32:46,56.2389,43.4631,60.62,82,40,4.47
180,Luanda,AO,2022-07-20 20:28:09,-8.8368,13.2343,69.8,83,0,6.91
181,Grindavik,IS,2022-07-20 20:32:46,63.8424,-22.4338,51.75,87,40,17.27
182,Honiara,SB,2022-07-20 20:32:46,-9.4333,159.95,79.38,79,55,4.59
183,Kavaratti,IN,2022-07-20 20:32:47,10.5669,72.642,81.16,79,100,18.88
184,Victoria,HK,2022-07-20 20:32:19,22.2855,114.1577,86.32,86,21,5.99
185,Sitka,US,2022-07-20 20:32:47,57.0531,-135.33,53.49,87,100,9.22
186,Amalapuram,IN,2022-07-20 20:32:48,16.5833,82.0167,80.35,85,52,3.91
187,Bontang,ID,2022-07-20 20:32:48,0.1333,117.5,77.76,86,3,2.3
188,Constitucion,CL,2022-07-20 20:32:48,-35.3333,-72.4167,55.6,85,6,11.1
189,Pinos,MX,2022-07-20 20:32:48,22.3,-101.5667,79.88,18,5,14.76
190,Kirakira,SB,2022-07-20 20:32:04,-10.4544,161.9205,80.89,79,74,7.07
191,Fortuna,US,2022-07-20 20:32:49,40.5982,-124.1573,69.93,71,36,3.0
192,Suamico,US,2022-07-20 20:32:49,44.6319,-88.0393,81.48,65,100,17.27
193,Nalut,LY,2022-07-20 20:32:50,30.3333,10.85,87.24,16,0,9.15
194,Tuy Hoa,VN,2022-07-20 20:32:50,13.0833,109.3,74.66,94,100,3.89
195,Hasaki,JP,2022-07-20 20:32:50,35.7333,140.8333,73.8,82,99,8.32
196,Gunjur,GM,2022-07-20 20:32:51,13.2019,-16.7339,80.67,83,75,3.44
197,Lagoa,PT,2022-07-20 20:32:51,39.05,-27.9833,72.05,80,7,3.8
198,Matay,EG,2022-07-20 20:32:51,28.419,30.7792,85.75,35,0,18.34
199,Tahta,EG,2022-07-20 20:32:52,26.7693,31.5021,87.93,21,21,7.87
200,Santa Marta,CO,2022-07-20 20:31:11,11.2408,-74.199,91.45,58,75,9.22
201,Linxia,CN,2022-07-20 20:32:52,35.6003,103.2064,58.86,80,58,2.64
202,Esperance,AU,2022-07-20 20:32:52,-33.8667,121.9,61.79,52,100,18.66
203,Bundaberg,AU,2022-07-20 20:32:53,-24.85,152.35,60.22,87,100,1.99
204,Pevek,RU,2022-07-20 20:31:29,69.7008,170.3133,31.69,90,98,15.21
205,Eyl,SO,2022-07-20 20:32:53,7.9803,49.8164,74.59,83,44,17.38
206,College,US,2022-07-20 20:32:53,64.8569,-147.8028,64.58,63,75,9.22
207,Zhezkazgan,KZ,2022-07-20 20:32:54,47.8043,67.7144,81.84,38,90,2.51
208,Mantua,IT,2022-07-20 20:32:54,45.1667,10.7833,87.04,58,0,1.99
209,Taoudenni,ML,2022-07-20 20:31:03,22.6783,-3.9836,94.91,35,56,20.71
210,Qaanaaq,GL,2022-07-20 20:32:55,77.484,-69.3632,41.09,80,100,3.53
211,Ishurdi,BD,2022-07-20 20:32:55,24.1333,89.0833,81.55,84,100,6.53
212,Chengde,CN,2022-07-20 20:32:55,40.9725,117.9361,64.0,94,16,2.26
213,Korem,ET,2022-07-20 20:32:55,12.5058,39.5228,55.83,86,100,8.12
214,Abaza,RU,2022-07-20 20:32:56,52.655,90.0928,53.24,75,100,4.34
215,Setermoen,NO,2022-07-20 20:32:56,68.861,18.3486,60.76,84,75,1.01
216,Port Lincoln,AU,2022-07-20 20:31:01,-34.7333,135.8667,51.42,80,71,10.6
217,Kalmunai,LK,2022-07-20 20:32:57,7.4167,81.8167,79.81,84,98,5.5
218,Namatanai,PG,2022-07-20 20:29:46,-3.6667,152.4333,77.85,81,92,6.89
219,Kurilsk,RU,2022-07-20 20:32:57,45.2333,147.8833,52.59,96,100,7.94
220,Mayumba,GA,2022-07-20 20:32:57,-3.432,10.6554,70.32,93,87,7.25
221,Lompoc,US,2022-07-20 20:28:18,34.6391,-120.4579,95.02,65,0,12.66
222,Necochea,AR,2022-07-20 20:32:58,-38.5473,-58.7368,58.95,55,28,17.4
223,Boyolangu,ID,2022-07-20 20:32:58,-8.1181,111.8935,72.86,90,85,5.19
224,Aranos,NA,2022-07-20 20:32:58,-24.1333,19.1167,53.42,38,0,7.58
225,Deputatskiy,RU,2022-07-20 20:33:59,69.3,139.9,36.66,92,91,4.65
226,Timmins,CA,2022-07-20 20:29:13,48.4669,-81.3331,75.02,83,75,13.8
227,San Quintin,MX,2022-07-20 20:33:59,30.4833,-115.95,75.78,63,73,13.94
228,Byron Bay,AU,2022-07-20 20:31:00,-28.65,153.6167,55.94,74,100,16.2
229,Tongchuan,CN,2022-07-20 20:33:59,35.0806,109.0897,67.48,76,0,2.77
230,Bacolod,PH,2022-07-20 20:29:44,10.6667,122.95,77.77,85,60,2.59
231,Lebu,CL,2022-07-20 20:29:50,-37.6167,-73.65,53.58,95,100,11.21
232,Trelew,AR,2022-07-20 20:34:00,-43.249,-65.3051,48.69,43,100,22.26
233,Maiduguri,NG,2022-07-20 20:34:00,11.8464,13.1603,74.41,76,85,2.28
234,Saint John,CA,2022-07-20 20:30:44,45.2727,-66.0677,81.63,39,20,13.8
235,Mayor Pablo Lagerenza,PY,2022-07-20 20:34:01,-19.9309,-60.7718,91.29,19,12,10.85
236,San Vicente,AR,2022-07-20 20:34:01,-26.6167,-54.1333,66.74,86,9,3.09
237,Egvekinot,RU,2022-07-20 20:34:01,66.3167,-179.1667,37.54,61,66,7.76
238,Saskylakh,RU,2022-07-20 20:34:02,71.9167,114.0833,39.78,81,64,14.05
239,Oum Hadjer,TD,2022-07-20 20:34:02,13.2954,19.6966,83.68,62,96,8.81
240,Nyurba,RU,2022-07-20 20:34:02,63.2842,118.3319,56.19,97,100,3.96
241,Hambantota,LK,2022-07-20 20:34:03,6.1241,81.1185,78.35,85,98,17.6
242,Poum,NC,2022-07-20 20:34:03,-20.2333,164.0167,75.81,85,100,7.87
243,Pilar,BR,2022-07-20 20:34:03,-9.5972,-35.9567,75.13,94,49,6.02
244,Leh,IN,2022-07-20 20:34:04,34.1667,77.5833,63.73,20,100,10.16
245,Leningradskiy,RU,2022-07-20 20:34:04,69.3833,178.4167,33.15,98,100,18.77
246,Makubetsu,JP,2022-07-20 20:34:04,45.3714,141.8211,59.77,87,81,10.58
247,Alvorada,BR,2022-07-20 20:34:05,-12.48,-49.1247,83.95,27,0,4.99
248,At-Bashi,KG,2022-07-20 20:34:05,41.1702,75.8106,58.08,36,0,6.44
249,Cuamba,MZ,2022-07-20 20:34:05,-14.8031,36.5372,65.53,63,21,4.16
250,Verkhnevilyuysk,RU,2022-07-20 20:34:06,63.4453,120.3167,54.46,97,100,3.71
251,Saint-Louis,SN,2022-07-20 20:34:06,16.3333,-15.0,86.83,54,100,17.43
252,Kruisfontein,ZA,2022-07-20 20:34:06,-34.0033,24.7314,54.88,91,95,4.05
253,Shache,CN,2022-07-20 20:34:07,38.4167,77.2406,77.25,19,0,7.94
254,Luena,AO,2022-07-20 20:34:07,-11.7833,19.9167,58.64,41,44,3.06
255,Tomatlan,MX,2022-07-20 20:34:07,19.9333,-105.25,99.37,41,100,5.84
256,Wilmington,US,2022-07-20 20:33:55,34.2257,-77.9447,89.89,72,40,8.01
257,Kachiry,KZ,2022-07-20 20:34:08,53.0675,76.1036,63.77,72,100,11.27
258,Roma,US,2022-07-20 20:30:04,43.2128,-75.4557,94.82,47,40,11.5
259,Conceicao Do Mato Dentro,BR,2022-07-20 20:33:15,-19.0372,-43.425,67.28,58,0,5.03
260,Onega,RU,2022-07-20 20:34:08,63.9061,38.1404,60.19,85,46,6.55
261,Zhangye,CN,2022-07-20 20:34:09,38.9342,100.4517,59.83,75,88,21.23
262,Amga,RU,2022-07-20 20:34:09,60.8953,131.9608,69.24,76,92,3.47
263,Yellowknife,CA,2022-07-20 20:30:48,62.456,-114.3525,66.72,52,75,16.11
264,Nanning,CN,2022-07-20 20:34:09,22.8167,108.3167,81.05,92,99,5.23
265,Hadrut,AZ,2022-07-20 20:34:10,39.52,47.0318,72.59,49,1,7.0
266,Sembakung,ID,2022-07-20 20:34:10,3.8167,117.25,72.7,99,100,1.99
267,Guerrero Negro,MX,2022-07-20 20:34:10,27.9769,-114.0611,84.29,42,16,14.9
268,Gaptsakh,RU,2022-07-20 20:34:11,41.4517,47.9303,61.02,72,2,3.67
269,Sao Filipe,CV,2022-07-20 20:30:57,14.8961,-24.4956,76.57,88,81,5.95
270,Igarka,RU,2022-07-20 20:34:11,67.4667,86.5833,49.12,97,99,4.47
271,Olecko,PL,2022-07-20 20:29:35,54.0337,22.507,61.14,82,64,4.52
272,Uhlove,UA,2022-07-20 20:32:16,44.8215,33.6045,67.01,73,0,4.27
273,Ilulissat,GL,2022-07-20 20:35:12,69.2167,-51.1,48.83,61,100,6.26
274,Nanortalik,GL,2022-07-20 20:35:12,60.1432,-45.2371,51.3,83,15,14.09
275,Bambous Virieux,MU,2022-07-20 20:35:12,-20.3428,57.7575,68.25,73,75,12.66
276,Weligama,LK,2022-07-20 20:35:13,5.9667,80.4167,77.65,87,91,14.0
277,Bonavista,CA,2022-07-20 20:35:13,48.6499,-53.1147,62.37,84,100,24.34
278,Tangjiazhuang,CN,2022-07-20 20:35:13,39.7333,118.45,66.52,95,9,1.68
279,Port Hardy,CA,2022-07-20 20:33:34,50.6996,-127.4199,59.18,82,20,6.91
280,Kaitangata,NZ,2022-07-20 20:35:14,-46.2817,169.8464,41.16,82,100,6.44
281,Raudeberg,NO,2022-07-20 20:32:03,61.9875,5.1352,56.07,95,100,7.76
282,Padang,ID,2022-07-20 20:35:14,-0.9492,100.3543,75.88,85,54,4.03
283,Tuktoyaktuk,CA,2022-07-20 20:35:15,69.4541,-133.0374,57.2,77,100,14.97
284,Tallahassee,US,2022-07-20 20:30:23,30.4383,-84.2807,78.85,88,75,18.41
285,Nantucket,US,2022-07-20 20:35:15,41.2835,-70.0995,89.71,79,0,12.66
286,Namibe,AO,2022-07-20 20:35:15,-15.1961,12.1522,62.33,83,1,5.84
287,Uttarkashi,IN,2022-07-20 20:35:16,30.7333,78.45,73.45,97,100,0.58
288,Mareeba,AU,2022-07-20 20:35:16,-17.0,145.4333,65.12,90,5,2.3
289,Maldonado,UY,2022-07-20 20:35:16,-34.6667,-54.9167,61.23,89,9,8.28
290,Isangel,VU,2022-07-20 20:35:17,-19.55,169.2667,75.31,88,97,3.44
291,Kargasok,RU,2022-07-20 20:35:17,59.0556,80.8572,57.54,81,68,5.59
292,Buedu,SL,2022-07-20 20:35:17,8.2803,-10.3719,68.97,99,100,3.83
293,Warrnambool,AU,2022-07-20 20:31:24,-38.3833,142.4833,40.8,81,0,9.01
294,Port Elizabeth,ZA,2022-07-20 20:35:18,-33.918,25.5701,57.09,95,75,6.91
295,Susanville,US,2022-07-20 20:35:18,40.4163,-120.653,93.9,12,0,8.01
296,The Valley,AI,2022-07-20 20:35:18,18.217,-63.0578,86.83,74,40,18.41
297,Rundu,NA,2022-07-20 20:35:19,-17.9333,19.7667,54.81,35,5,6.15
298,Nigde,TR,2022-07-20 20:35:19,37.8333,34.75,57.29,77,0,7.63
299,Rach Gia,VN,2022-07-20 20:35:19,10.0167,105.0833,78.62,86,100,8.34
300,Mount Kisco,US,2022-07-20 20:35:20,41.2043,-73.7271,98.35,39,20,3.44
301,Ribeira Grande,PT,2022-07-20 20:35:20,38.5167,-28.7,75.6,78,20,8.05
302,Langenburg,DE,2022-07-20 20:35:20,49.2544,9.8458,70.5,86,100,18.41
303,Batemans Bay,AU,2022-07-20 20:35:21,-35.7167,150.1833,52.11,86,100,3.29
304,Bathsheba,BB,2022-07-20 20:35:21,13.2167,-59.5167,86.61,92,40,17.27
305,Shirokiy,RU,2022-07-20 20:35:21,49.758,129.523,62.58,94,7,5.21
306,Zhigansk,RU,2022-07-20 20:35:22,66.7697,123.3711,50.09,67,99,14.9
307,Chifeng,CN,2022-07-20 20:35:22,42.2683,118.9636,68.34,83,100,1.66
308,Meulaboh,ID,2022-07-20 20:35:22,4.1363,96.1285,75.47,86,99,4.47
309,Axim,GH,2022-07-20 20:35:23,4.8699,-2.2405,74.01,71,63,6.73
310,Mount Gambier,AU,2022-07-20 20:35:23,-37.8333,140.7667,39.09,84,2,5.26
311,Dejen,ET,2022-07-20 20:35:23,10.1667,38.1333,51.98,98,100,2.51
312,Mogadishu,SO,2022-07-20 20:35:24,2.0371,45.3438,75.15,82,96,18.75
313,Ust-Kut,RU,2022-07-20 20:35:24,56.7938,105.7672,51.98,95,49,2.39
314,Aklavik,CA,2022-07-20 20:35:24,68.2191,-135.0107,62.6,72,75,3.44
315,Tazovskiy,RU,2022-07-20 20:35:25,67.4667,78.7,45.37,88,92,11.16
316,Edd,ER,2022-07-20 20:35:25,13.9297,41.6925,91.83,48,100,6.44
317,Nadym,RU,2022-07-20 20:36:25,65.5333,72.5167,47.82,65,8,10.54
318,Khuzhir,RU,2022-07-20 20:36:26,53.1939,107.3397,52.83,87,52,2.98
319,Alice Springs,AU,2022-07-20 20:36:26,-23.7,133.8833,33.35,75,0,0.0
320,Taybad,IR,2022-07-20 20:36:26,34.74,60.7756,84.33,17,0,22.44
321,Yangshan,CN,2022-07-20 20:36:27,28.7615,115.0287,76.95,84,100,3.09
322,Fukue,JP,2022-07-20 20:36:27,32.6881,128.8419,80.91,92,100,17.13
323,Agadez,NE,2022-07-20 20:36:27,19.75,10.25,90.82,13,5,10.58
324,Vientiane,LA,2022-07-20 20:36:28,17.9667,102.6,73.9,83,100,7.25
325,Daru,PG,2022-07-20 20:36:28,-9.0763,143.2092,75.81,92,100,10.02
326,Ginir,ET,2022-07-20 20:36:28,7.1333,40.7,57.85,81,100,8.48
327,Correntina,BR,2022-07-20 20:36:29,-13.3433,-44.6367,75.85,35,30,5.06
328,Rivers,CA,2022-07-20 20:36:29,50.0308,-100.2403,76.15,63,7,17.25
329,Darhan,MN,2022-07-20 20:36:29,49.4867,105.9228,54.28,78,80,3.33
330,Linfen,CN,2022-07-20 20:36:29,36.0889,111.5189,73.54,66,0,2.3
331,Freeport,US,2022-07-20 20:36:18,40.6576,-73.5832,98.15,53,0,16.11
332,Nabire,ID,2022-07-20 20:36:30,-3.3667,135.4833,73.08,92,82,4.45
333,Bhuj,IN,2022-07-20 20:36:30,23.2667,69.6667,80.83,84,100,16.44
334,Novopokrovka,UA,2022-07-20 20:36:31,49.8425,36.5477,57.16,94,54,9.84
335,Cherskiy,RU,2022-07-20 20:36:31,68.75,161.3,42.03,64,18,13.0
336,Kaina,NG,2022-07-20 20:36:31,12.6374,8.5873,75.56,74,100,6.89
337,Nouadhibou,MR,2022-07-20 20:36:32,20.931,-17.0347,69.78,94,40,11.5
338,Chaparral,CO,2022-07-20 20:36:32,3.7232,-75.4832,73.27,73,100,1.74
339,Wanaka,NZ,2022-07-20 20:36:32,-44.7,169.15,36.1,95,100,1.99
340,Raga,SS,2022-07-20 20:36:33,8.4596,25.678,68.36,95,51,3.47
341,Cap Malheureux,MU,2022-07-20 20:36:33,-19.9842,57.6142,66.47,76,93,14.0
342,Port Macquarie,AU,2022-07-20 20:36:33,-31.4333,152.9167,53.49,100,75,3.44
343,Asau,RO,2022-07-20 20:36:34,46.4333,26.4,72.52,58,23,5.21
344,Leninskoye,KZ,2022-07-20 20:36:34,41.7589,69.3864,80.01,18,0,5.28
345,Hualmay,PE,2022-07-20 20:36:34,-11.0964,-77.6139,65.39,73,38,10.71
346,Labuhan,ID,2022-07-20 20:36:35,-6.8844,112.2051,74.79,82,0,11.12
347,Kirksville,US,2022-07-20 20:32:52,40.1948,-92.5833,90.82,51,0,10.36
348,Gadsden,US,2022-07-20 20:36:35,34.0143,-86.0066,95.52,56,0,10.36
349,Mamallapuram,IN,2022-07-20 20:36:35,12.6264,80.1722,82.06,79,54,10.8
350,Narsaq,GL,2022-07-20 20:36:36,60.9167,-46.05,57.42,82,94,3.15
351,Ola,RU,2022-07-20 20:36:36,59.5833,151.2833,58.1,85,49,1.52
352,Nassau,US,2022-07-20 20:36:36,40.7507,-73.5829,98.96,52,0,16.11
353,Shankargarh,IN,2022-07-20 20:36:37,25.1833,81.6167,84.18,76,100,5.08
354,Huron,US,2022-07-20 20:36:37,41.1501,-82.5499,89.69,64,3,17.96
355,Faanui,PF,2022-07-20 20:36:37,-16.4833,-151.75,77.7,66,0,10.51
356,Maragogi,BR,2022-07-20 20:32:31,-9.0122,-35.2225,74.48,89,43,11.92
357,Aberystwyth,GB,2022-07-20 20:36:38,52.4155,-4.0829,60.89,85,36,13.73
358,Adrar,MR,2022-07-20 20:36:38,20.5022,-10.0711,95.85,18,19,11.54
359,Urumqi,CN,2022-07-20 20:34:36,43.801,87.6005,68.95,37,0,8.95
360,Dunedin,NZ,2022-07-20 20:36:38,-45.8742,170.5036,42.8,80,100,17.0
361,Nalobikha,RU,2022-07-20 20:36:39,53.2006,84.6039,59.11,62,100,10.02
362,Sagua La Grande,CU,2022-07-20 20:36:39,22.8067,-80.0756,90.59,56,12,14.83
363,Sangar,RU,2022-07-20 20:33:15,63.9242,127.4739,62.08,93,100,3.09
364,Saint-Malo,FR,2022-07-20 20:36:39,48.5,-1.8333,69.46,77,37,11.16
365,Jiuquan,CN,2022-07-20 20:36:40,39.7432,98.5174,60.66,64,100,22.28
366,Hermosillo,MX,2022-07-20 20:36:18,29.0667,-110.9667,102.85,34,20,13.8
367,Oranjemund,NA,2022-07-20 20:37:40,-28.55,16.4333,53.37,80,57,17.27
368,Caucaia,BR,2022-07-20 20:37:40,-3.7361,-38.6531,80.55,68,0,10.36
369,Kieta,PG,2022-07-20 20:37:41,-6.2167,155.6333,79.38,81,95,2.48
370,Dalbandin,PK,2022-07-20 20:37:41,28.8947,64.4101,87.13,49,53,10.02
371,Ternate,ID,2022-07-20 20:37:41,0.8,127.4,80.04,81,100,1.83
372,Demak,ID,2022-07-20 20:37:42,-6.8909,110.6396,76.96,85,56,7.16
373,Lovozero,RU,2022-07-20 20:37:42,68.005,35.0117,54.43,83,5,5.82
374,Sao Jose Da Coroa Grande,BR,2022-07-20 20:37:42,-8.8978,-35.1478,74.64,89,39,11.79
375,Olinda,BR,2022-07-20 20:36:20,-8.0089,-34.8553,74.93,94,100,9.22
376,Manokwari,ID,2022-07-20 20:37:43,-0.8667,134.0833,78.28,79,94,6.04
377,Limbang,MY,2022-07-20 20:37:43,4.75,115.0,78.91,94,100,1.9
378,Cidreira,BR,2022-07-20 20:37:43,-30.1811,-50.2056,61.57,91,0,15.73
379,Constantine,DZ,2022-07-20 20:37:44,36.365,6.6147,78.21,53,20,5.75
380,Tautira,PF,2022-07-20 20:37:44,-17.7333,-149.15,76.24,73,0,10.36
381,Hirara,JP,2022-07-20 20:37:44,24.8,125.2833,85.19,80,79,12.75
382,Groningen,NL,2022-07-20 20:36:22,53.25,6.75,70.05,73,46,4.61
383,Ende,ID,2022-07-20 20:37:45,-8.8432,121.6623,72.84,85,90,0.56
384,Coquimbo,CL,2022-07-20 20:33:16,-29.9533,-71.3436,55.13,82,100,3.44
385,San Cristobal,VE,2022-07-20 20:33:12,7.7669,-72.225,78.98,61,54,5.86
386,Tual,ID,2022-07-20 20:37:45,-5.6667,132.75,78.6,77,100,17.85
387,Maunabo,PR,2022-07-20 20:37:46,18.0072,-65.8993,88.65,78,17,13.15
388,Yumen,CN,2022-07-20 20:37:46,40.2833,97.2,60.22,57,99,21.05
389,Beringovskiy,RU,2022-07-20 20:37:46,63.05,179.3167,43.02,74,100,17.96
390,Saint George,US,2022-07-20 20:34:38,37.1041,-113.5841,110.62,15,0,12.66
391,Grand Island,US,2022-07-20 20:37:47,40.925,-98.342,91.35,29,0,6.91
392,Omsukchan,RU,2022-07-20 20:37:47,62.5333,155.8,49.59,37,98,7.49
393,Turkistan,KZ,2022-07-20 20:37:47,43.0,68.0,86.99,16,0,11.12
394,Derzhavinsk,KZ,2022-07-20 20:37:48,51.1,66.3167,70.2,60,86,6.8
395,Bud,US,2022-07-20 20:37:48,39.447,-86.1758,94.93,63,4,14.74
396,Evensk,RU,2022-07-20 20:37:48,61.95,159.2333,62.1,61,15,4.18
397,Travesia,HN,2022-07-20 20:37:49,15.8667,-87.9,91.69,67,78,10.27
398,Draguignan,FR,2022-07-20 20:37:49,43.5333,6.4667,86.56,37,0,4.61
399,Parrita,CR,2022-07-20 20:37:03,9.5201,-84.3225,77.27,93,100,2.3
400,Basco,PH,2022-07-20 20:37:49,20.4487,121.9702,85.26,76,12,12.91
401,Natalio,PY,2022-07-20 20:37:50,-26.7167,-55.0833,71.6,76,1,3.42
402,Salinas,US,2022-07-20 20:36:04,36.6777,-121.6555,95.56,60,0,14.97
403,Tarko-Sale,RU,2022-07-20 20:37:50,64.9225,77.785,54.27,62,100,11.05
404,Biaora,IN,2022-07-20 20:37:51,23.8667,76.9167,77.76,90,97,12.53
405,Leo,BF,2022-07-20 20:37:51,11.1,-2.1,78.82,67,90,3.49
406,La Ronge,CA,2022-07-20 20:36:31,55.1001,-105.2842,70.05,43,75,20.71
407,Te Anau,NZ,2022-07-20 20:37:51,-45.4167,167.7167,38.7,93,97,2.93
408,Olafsvik,IS,2022-07-20 20:37:52,64.8945,-23.7142,50.99,75,83,11.03
409,Gao,ML,2022-07-20 20:37:52,16.6362,1.637,90.54,45,82,5.39
410,Wad Madani,SD,2022-07-20 20:37:52,14.4012,33.5199,74.7,77,100,21.56
411,Xining,CN,2022-07-20 20:37:53,36.6167,101.7667,55.15,69,96,2.68
412,Kahului,US,2022-07-20 20:38:38,20.8947,-156.47,81.97,78,40,20.71
413,Kumbo,CM,2022-07-20 20:38:53,6.2,10.6667,59.18,98,100,2.95
414,Gornopravdinsk,RU,2022-07-20 20:38:53,60.05,69.9,59.31,81,94,4.32
415,Longyearbyen,SJ,2022-07-20 20:38:54,78.2186,15.6401,49.84,87,75,3.44
416,Caravelas,BR,2022-07-20 20:34:48,-17.7125,-39.2481,71.44,77,2,6.64
417,Farah,AF,2022-07-20 20:38:54,32.5,62.5,87.04,13,0,3.31
418,Farmington,US,2022-07-20 20:37:27,36.7281,-108.2187,99.28,14,20,12.66
419,Quartucciu,IT,2022-07-20 20:38:55,39.2519,9.1794,83.01,75,0,5.75
420,Ahuimanu,US,2022-07-20 20:38:55,21.4447,-157.8378,81.86,71,75,13.8
421,Vila Franca Do Campo,PT,2022-07-20 20:38:56,37.7167,-25.4333,70.21,81,55,1.88
422,Umarkot,PK,2022-07-20 20:38:56,25.3616,69.7362,84.25,79,53,20.27
423,Dwarka,IN,2022-07-20 20:34:51,22.2394,68.9678,81.52,84,99,17.07
424,Santa Vitoria Do Palmar,BR,2022-07-20 20:38:36,-33.5189,-53.3681,57.02,94,0,6.35
425,Vila,PT,2022-07-20 20:38:56,42.0304,-8.1588,67.08,53,0,5.03
426,Suntar,RU,2022-07-20 20:38:57,62.1444,117.6319,56.64,94,100,3.91
427,Macheng,CN,2022-07-20 20:38:57,31.1783,115.0319,75.15,97,100,1.28
428,Dukat,RU,2022-07-20 20:38:57,62.55,155.55,48.83,43,97,6.87
429,Kitimat,CA,2022-07-20 20:38:58,54.0524,-128.6534,68.92,56,76,1.99
430,Asyut,EG,2022-07-20 20:38:58,27.181,31.1837,87.98,23,5,8.23
431,Fare,PF,2022-07-20 20:38:58,-16.7,-151.0167,77.5,70,0,9.62
432,Avila,ES,2022-07-20 20:38:59,40.5833,-5.0,71.38,27,0,1.54
433,Champerico,GT,2022-07-20 20:38:59,14.3,-91.9167,85.53,72,100,8.86
434,Darnah,LY,2022-07-20 20:36:38,32.767,22.6367,76.05,68,0,25.12
435,Peniche,PT,2022-07-20 20:38:59,39.3558,-9.3811,69.3,87,0,17.18
436,Hornepayne,CA,2022-07-20 20:39:00,49.2138,-84.7705,73.62,82,96,4.34
437,Suba,PH,2022-07-20 20:39:00,10.8438,121.0102,83.44,71,100,3.47
438,Danilovka,RU,2022-07-20 20:39:00,50.3557,44.1168,63.82,60,61,6.04
439,Kuantan,MY,2022-07-20 20:39:01,3.8077,103.326,77.11,94,20,0.0
440,Lianran,CN,2022-07-20 20:39:01,24.9227,102.485,61.34,97,100,2.21
441,Samarai,PG,2022-07-20 20:39:01,-10.6167,150.6667,80.17,80,16,10.09
442,Alofi,NU,2022-07-20 20:39:02,-19.0595,-169.9187,75.09,78,75,11.5
443,North Bend,US,2022-07-20 20:39:02,43.4065,-124.2243,75.24,86,100,16.11
444,Livingstone,ZM,2022-07-20 20:39:02,-17.8419,25.8543,61.65,68,65,5.41
445,Oktyabrskiy,RU,2022-07-20 20:39:03,54.4815,53.471,59.63,77,98,4.21
446,Gizo,SB,2022-07-20 20:39:03,-8.103,156.8419,81.45,74,89,5.59
447,Saldanha,ZA,2022-07-20 20:39:03,-33.0117,17.9442,41.05,63,0,11.25
448,Perth,AU,2022-07-20 20:38:07,-31.9333,115.8333,61.79,95,100,17.27
449,Hervey Bay,AU,2022-07-20 20:39:04,-25.2986,152.8535,62.55,79,100,22.35
450,Laguna,US,2022-07-20 20:38:20,38.421,-121.4238,102.31,27,0,5.75
451,Ballina,AU,2022-07-20 20:39:04,-28.8667,153.5667,56.01,95,100,16.6
452,Kemijarvi,FI,2022-07-20 20:39:05,66.7131,27.4306,55.83,88,58,1.95
453,Saint-Georges,GD,2022-07-20 20:39:05,12.0564,-61.7485,83.88,79,20,17.27
454,Shuya,RU,2022-07-20 20:39:05,56.8487,41.3883,54.91,95,99,2.53
455,Abu Kamal,SY,2022-07-20 20:40:06,34.4506,40.9171,94.42,17,0,9.19
456,Saint-Augustin,CA,2022-07-20 20:40:06,51.226,-58.6502,56.66,88,100,15.43
457,Gagino,RU,2022-07-20 20:40:06,55.2314,45.0339,55.81,95,100,6.22
458,Vilhena,BR,2022-07-20 20:40:07,-12.7406,-60.1458,86.22,28,0,8.05
459,Plainview,US,2022-07-20 20:40:07,40.7765,-73.4673,98.78,51,0,16.11
460,Khorixas,NA,2022-07-20 20:40:07,-20.3667,14.9667,61.57,32,0,1.45
461,Lagos,NG,2022-07-20 20:35:43,6.5833,3.75,73.96,78,87,5.61
462,Aviles,ES,2022-07-20 20:40:08,43.5547,-5.9248,69.19,85,75,5.75
463,Ilhabela,BR,2022-07-20 20:40:08,-23.7781,-45.3581,68.65,91,54,2.64
464,Anchorage,US,2022-07-20 20:40:08,61.2181,-149.9003,59.63,85,100,6.91
465,Polson,US,2022-07-20 20:38:01,47.6936,-114.1632,88.21,24,0,11.03
466,Koumac,NC,2022-07-20 20:40:09,-20.5667,164.2833,74.95,84,100,3.89
467,Qasigiannguit,GL,2022-07-20 20:40:09,68.8193,-51.1922,49.3,61,100,3.87
468,Trairi,BR,2022-07-20 20:39:03,-3.2778,-39.2689,78.13,72,83,13.82
469,Svetlaya,RU,2022-07-20 20:40:09,46.5389,138.3297,60.51,91,89,7.56
470,Hay River,CA,2022-07-20 20:40:10,60.8156,-115.7999,62.58,77,100,12.66
471,Portland,US,2022-07-20 20:38:23,45.5234,-122.6762,91.42,44,0,9.22
472,Bien Hoa,VN,2022-07-20 20:40:10,10.95,106.8167,76.98,93,100,4.05
473,Noyabrsk,RU,2022-07-20 20:40:10,63.1994,75.4507,57.92,62,95,7.29
474,Yinchuan,CN,2022-07-20 20:40:11,38.4681,106.2731,72.73,46,35,2.77
475,Tiksi,RU,2022-07-20 20:40:11,71.6872,128.8694,38.26,90,86,18.66
476,Katsuura,JP,2022-07-20 20:40:11,35.1333,140.3,77.74,84,60,7.94
477,Camabatela,AO,2022-07-20 20:40:12,-8.1881,15.375,62.49,69,19,3.65
478,Rio Gallegos,AR,2022-07-20 20:40:12,-51.6226,-69.2181,33.82,69,100,32.17
479,Harrison,US,2022-07-20 20:40:12,30.4091,-89.0436,93.22,67,0,11.5
480,Rabo De Peixe,PT,2022-07-20 20:40:13,37.8,-25.5833,69.31,88,75,4.61
481,Mnogovershinnyy,RU,2022-07-20 20:40:13,53.9353,139.9242,57.27,83,96,3.83
482,Minab,IR,2022-07-20 20:40:13,27.1467,57.0801,91.72,70,100,4.61
483,Keetmanshoop,NA,2022-07-20 20:40:14,-26.5833,18.1333,57.7,39,0,3.44
484,Ossora,RU,2022-07-20 20:40:14,59.2353,163.0719,59.61,71,51,3.15
485,Casa Nova,BR,2022-07-20 20:40:14,-9.4167,-41.1333,76.73,62,81,17.58
486,Salym,RU,2022-07-20 20:40:15,60.0625,71.4789,56.98,88,79,4.18
487,Kloulklubed,PW,2022-07-20 20:40:15,7.0419,134.2556,73.9,73,67,1.61
488,Ixtapa,MX,2022-07-20 20:40:16,20.7,-105.2,90.23,70,100,6.91
489,Kaeo,NZ,2022-07-20 20:40:16,-35.1,173.7833,53.08,83,16,12.88
490,Mpraeso,GH,2022-07-20 20:40:16,6.5932,-0.7346,68.74,76,92,6.33
491,Superior,US,2022-07-20 20:40:17,46.7208,-92.1041,85.77,48,40,27.63
492,Mecca,SA,2022-07-20 20:40:17,21.4267,39.8261,88.63,43,64,1.19
493,Lata,PT,2022-07-20 20:40:17,40.1629,-8.3327,62.26,84,0,2.35
494,Mae Sai,TH,2022-07-20 20:40:18,20.4335,99.8762,73.49,98,100,1.25
495,Dombarovskiy,RU,2022-07-20 20:40:18,50.7587,59.5386,63.46,60,84,7.83
496,Rock Sound,BS,2022-07-20 20:40:18,24.9,-76.2,82.89,72,7,13.2
497,Grand Bend,CA,2022-07-20 20:38:57,43.3168,-81.7498,84.97,71,80,4.0
498,Cravo Norte,CO,2022-07-20 20:40:19,6.3017,-70.2041,82.72,71,58,5.97
499,Vila Velha,BR,2022-07-20 20:40:19,-20.3297,-40.2925,73.35,78,0,9.22
500,Yulara,AU,2022-07-20 20:41:20,-25.2406,130.9889,44.83,52,7,10.36
501,Marzuq,YE,2022-07-20 20:41:20,14.4,46.4667,78.51,57,100,5.32
502,Odweyne,SO,2022-07-20 20:41:20,9.4092,45.064,70.68,55,48,19.1
503,Inirida,CO,2022-07-20 20:41:21,3.8653,-67.9239,79.72,86,75,2.82
504,Vostochnyy,RU,2022-07-20 20:41:21,55.8167,37.8667,60.1,89,99,6.64
505,Polyarnyy,RU,2022-07-20 20:41:21,69.1989,33.4478,53.35,89,99,2.93
506,Vanimo,PG,2022-07-20 20:41:22,-2.6741,141.3028,75.4,89,100,3.91
507,Launceston,AU,2022-07-20 20:41:22,-41.45,147.1667,42.44,87,100,5.75
508,Yenagoa,NG,2022-07-20 20:41:22,4.9247,6.2642,73.72,83,99,4.25
509,Tolaga Bay,NZ,2022-07-20 20:41:23,-38.3667,178.3,51.21,65,5,15.97
510,Matagami,CA,2022-07-20 20:41:23,49.7502,-77.6328,71.71,73,75,6.91
511,Arman,RU,2022-07-20 20:41:23,59.7,150.1667,60.19,81,16,0.69
512,Waipawa,NZ,2022-07-20 20:41:24,-41.4122,175.5153,45.46,93,100,16.71
513,Sisimiut,GL,2022-07-20 20:41:24,66.9395,-53.6735,49.89,75,100,9.28
514,Burgeo,CA,2022-07-20 20:41:24,47.6167,-57.6152,60.1,93,100,31.36
515,Glendive,US,2022-07-20 20:41:24,47.1053,-104.7125,87.49,38,0,12.66
516,Vao,NC,2022-07-20 20:41:25,-22.6667,167.4833,73.83,88,98,11.05
517,Galway,IE,2022-07-20 20:41:25,53.2719,-9.0489,57.45,74,84,5.95
518,Prince Albert,CA,2022-07-20 20:41:25,53.2001,-105.7677,75.15,43,75,17.27
519,Tessalit,ML,2022-07-20 20:41:26,20.1986,1.0114,75.33,67,99,19.44
520,Hamina,FI,2022-07-20 20:41:26,60.5697,27.1979,65.48,72,68,9.93
521,Yendi,GH,2022-07-20 20:41:27,9.4427,-0.0099,79.54,61,100,5.59
522,Novoagansk,RU,2022-07-20 20:41:27,61.9449,76.6625,57.47,67,91,1.86
523,Roblin,CA,2022-07-20 20:41:27,51.23,-101.3565,69.19,64,0,17.6
524,Lakes Entrance,AU,2022-07-20 20:41:27,-37.8811,147.981,32.16,85,3,6.13
525,Kathu,TH,2022-07-20 20:41:28,7.9178,98.3332,84.69,99,100,14.36
526,Ust-Tsilma,RU,2022-07-20 20:41:28,65.441,52.1498,60.49,73,23,5.19
527,Adwa,ET,2022-07-20 20:41:28,14.1646,38.8955,60.24,90,98,1.83
528,Tura,IN,2022-07-20 20:41:29,25.5198,90.2201,74.5,97,100,5.44
529,Boves,IT,2022-07-20 20:41:29,44.332,7.5514,78.53,100,70,7.05
530,Parainen,FI,2022-07-20 20:41:29,60.3067,22.301,64.15,88,81,2.57
531,Tommot,RU,2022-07-20 20:41:30,58.9564,126.2925,62.49,93,8,1.86
532,Kristiinankaupunki,FI,2022-07-20 20:41:30,62.2743,21.376,59.81,74,100,7.58
533,Victor Harbor,AU,2022-07-20 20:41:30,-35.5667,138.6167,42.67,80,48,6.38
534,Vettavalam,IN,2022-07-20 20:41:31,12.1,79.25,79.79,78,74,7.85
535,Semnan,IR,2022-07-20 20:41:31,35.5729,53.3971,87.64,16,0,2.3
536,Nueva Esperanza,HN,2022-07-20 20:41:31,15.2667,-87.6,89.22,64,100,5.12
537,Huntsville,US,2022-07-20 20:41:31,34.7304,-86.5861,97.95,60,0,12.66
538,Boddam,GB,2022-07-20 20:41:32,57.4667,-1.7833,62.98,75,56,10.4
539,Inta,RU,2022-07-20 20:41:32,66.0317,60.1659,63.07,58,99,6.38
540,Camargo,MX,2022-07-20 20:38:58,27.6667,-105.1667,100.67,11,2,6.53
541,Carupano,VE,2022-07-20 20:41:33,10.6678,-63.2585,81.91,82,3,9.42
